{"properties": [
  {
    "name": "amazon.aws.accesskey",
    "type": "java.lang.String",
    "description": "A description for 'amazon.aws.accesskey'"
  },
  {
    "name": "amazon.dynamodb.endpoint",
    "type": "java.lang.String",
    "description": "A description for 'amazon.dynamodb.endpoint'"
  },
  {
    "name": "amazon.aws.region",
    "type": "java.lang.String",
    "description": "A description for 'amazon.aws.region'"
  },
  {
    "name": "amazon.aws.secretkey",
    "type": "java.lang.String",
    "description": "A description for 'amazon.aws.secretkey'"
  },
  {
    "name": "amazon.aws.accessKey",
    "type": "java.lang.String",
    "description": "A description for 'amazon.aws.accessKey'"
  },
  {
    "name": "amazon.aws.secretKey",
    "type": "java.lang.String",
    "description": "A description for 'amazon.aws.secretKey'"
  },
  {
    "name": "amazon.aws.accessKey",
    "type": "java.lang.String",
    "description": "A description for 'amazon.aws.accessKey'"
  },
  {
    "name": "amazon.aws.secretKey",
    "type": "java.lang.String",
    "description": "A description for 'amazon.aws.secretKey'"
  },
  {
    "name": "amazon.aws.accessKey",
    "type": "java.lang.String",
    "description": "A description for 'amazon.aws.accessKey'"
  },
  {
    "name": "amazon.aws.secretKey",
    "type": "java.lang.String",
    "description": "A description for 'amazon.aws.secretKey'"
  },
  {
    "name": "amazon.aws.accessKey",
    "type": "java.lang.String",
    "description": "A description for 'amazon.aws.accessKey'"
  }
]}